{
  "prompt": "chair",
  "seed": 0,
  "score": 0.2633174438107837,
  "confidence": 0.5052552552552553
}