{
  "top_waypoints": [
    {
      "score": 0.001793761970475316,
      "centroid_rc": [
        53.76395797729492,
        79.75634765625
      ],
      "centroid_xy": [
        4.025,
        2.725
      ],
      "cluster_size": 394
    }
  ]
}